Title;Release_Date;Developers;Summary;Platforms;Genres;Rating;Plays;Playing;esrb_rating
The Legend of Zelda: Tears of the Kingdom;May 12, 2023;['Nintendo'];The Legend of Zelda: Tears of the Kingdom is the sequel to The Legend of Zelda: Breath of the Wild. The setting for Link’s adventure has been expanded to include the skies above the vast lands of Hyrule.;['Nintendo Switch'];['Adventure'];4.6;4.3K;4.6K;
Chrome Dino;Sep 01, 2014;['Google'];Chrome Dino is a game easter egg in Google's Chrome web browser. It can be played by touching over the dinosaur or pressing the space bar when your internet connection goes down or by accessing chrome://dino/ on the web browser. /n The game is an endless runner. The objective is to jump over cacti an avoid pterodactyls flying in your direction.;['Web browser'];['Arcade'];3.5;16K;147;
Mario Kart 7;Dec 02, 2011;['Nintendo'];The seventh installment of the fan-favorite Mario Kart franchise brings Mushroom Kingdom racing fun into glorious 3D. For the first time, drivers explore new competitive kart possibilities, such as soaring through the skies or plunging to the depths of the sea. New courses, strategic new abilities and customizable karts bring the racing excitement to new heights.;['Nintendo 3DS'];['Racing'];3.5;11K;74;
Mario Party Superstars;Oct 28, 2021;['Nintendo'];Calling all Superstars! Mario Party is back with 5 classic boards from the Nintendo 64 Mario Party games. Frosting meets flowers as you race to get the most stars (and sabotage your opponents) on the Peach’s Birthday Cake board from the original Mario Party game. Or watch the countdown that unleashes Bowser Coin Beam and hold onto those coins on the Space Land board. The tides can turn quickly in Mario Party, so stay vigilant, partygoers. This and all other modes can be played online, too!;['Nintendo Switch'];['Card & Board Game'];3.7;4.5K;137;
Super Mario Maker 2;Jun 28, 2019;['Nintendo'];A side-scrolling Mario adventure that unleashes the creative potential of Super Mario Maker 2 awaits in Story Mode, which contains over 100 built-in courses. And in Course Maker, a wide range of parts, tools, and more are available so you can construct your own courses. Want coin-shooting cannons? Bowser riding on a giant Goomba? Cat Mario sliding down slopes to take out an army of baddies? Go for it! You call the shots. Pass a Joy-Con controller to a partner to build co-operatively on a single system!;['Nintendo Switch'];['Platform'];3.7;7.4K;122;
Shin Megami Tensei: Persona;Oct 22, 2009;['Atlus'];Persona is a philosophical game that takes place in a world close to our own. It is a departure from the typical swords and sorcery, and it delivers a tale of dreams, the purpose of life, and who we are as individuals. In Persona you have modern weapons like an Uzi and an AK-47. And instead of always fighting monsters, you are given the opportunity to talk your way through a confrontation. By talking things out, you can earn components of spells the more components you have, the more powerful your spells become.;['PlayStation Portable'];['RPG'];2.9;2.8K;183;
Chrono Trigger;Nov 20, 2008;['Square Enix'];When a newly developed teleportation device malfunctions at the Millennial Fair, young Crono must travel through time to rescue his misfortunate companion from an intricate web of past and present perils. The swashbuckling adventure that ensues soon unveils an evil force set to destroy the world, triggering Crono's race against time to change the course of history and bring about a brighter future.;['Nintendo DS'];['Adventure'];4.5;2.8K;150;
Super Mario Maker;Sep 10, 2015;['Nintendo'];Super Mario Maker lets people’s imaginations run wild. For the first time ever, friends can have fun playing through levels they create for one another. The Wii U GamePad controller makes it so easy for anyone to create levels, it may feel like simply sketching out ideas on paper. Players can enjoy a seemingly endless supply of inventive Mario levels from players around the world. /n The game includes a book totaling about 100 pages that illustrates the boundless possibilities in Super Mario Maker. Nintendo will also release two special Mario amiibo figures to celebrate the 30th anniversary of the original Super Mario Bros. game. Tapping these amiibo in Super Mario Maker adds a Big Mushroom power-up to your course, allowing Mario to grow big and bust blocks from any direction, as well as adding a retro visual filter to the game, reminiscent of older cathode ray tube televisions. In addition, many other amiibo will also be compatible with Super Mario Maker through the use of a new item called the Mystery Mushroom. This item allows Mario to take the appearance of many other characters, such as Link, Kirby or Wii Fit Trainer, complete with character-specific animations and sound effects. These character costumes can be unlocked by completing the 100 Mario Challenge mode and many can also be unlocked if the player taps the amiibo of the character to the Wii U GamePad.;['Wii U'];['Platform'];3.7;6.3K;11;
Master Detective Archives: Rain Code;Jun 30, 2023;['Spike ChunSoft'];A brand new dark fantasy detective action game from the minds behind the Danganronpa series! Yuma, an amnesiac detective-in-training, and Shinigami, the spirit haunting him, tackle unsolved mysteries in a strange city caged by unending rain.;['Nintendo Switch'];['Adventure'];N/A;6;2;
Live A Live;Sep 02, 1994;['Square'];Live A Live's story is split across seven seemingly unrelated chapters that can be played in any order, based on popular genres such as Western, science fiction, and mecha. Each chapter has its own plot, setting, and characters. Although the basic gameplay is the same throughout the game, each chapter adds a new factor to the basic formula, such as the stealth elements in the ninja chapter. After the first seven chapters are completed, two final chapters take place to establish the connection between the seven previous and resolve the story.;['Super Famicom'];['RPG'];4.2;614;42;
Silent Hill f;TBD;['Konami'];Silent Hill f is an upcoming game with a completely new story set in 1960's Japan featuring a beautiful, yet horrifying world.;[];[];2.0;9;0;
Metaphor Re Fantazio;TBD;[];;[];[];N/A;0;0;
Counter-Strike 1.6;Nov 01, 2000;['Valve'];Play the world's number 1 online action game. Engage in an incredibly realistic brand of terrorist warfare in this wildly popular team-based game. Ally with teammates to complete strategic missions. Take out enemy sites. Rescue hostages. Your role affects your team's success. Your team's success affects your role.;['Windows PC'];['Shooter'];3.7;4.3K;30;
Pokémon Añil;Mar 23, 2023;['Eric Lost'];"Pokémon Añil is the fourth video game created by EricLostie after ""Pokémon Opalo"". Kanto returns, but this time from a perspective never seen before, with a much deeper story and improved graphics.";['Windows PC'];['RPG'];3.7;24;9;
Neotrogla;Apr 22, 2023;['Squigglydot'];Neotrogla is a Twine horror story about discomfort in who you are, urban decay, weird hobbies, and bugs. /n Written for the SCREAM JAM 2022+1 in a little under a week.;['Web browser'];['Visual Novel'];3.4;24;0;
Northern Journey;Aug 18, 2021;['Slid Studio'];A norwegian happysad game set in a northern land! Adventure through a beautiful and very varied wildereness. Dive, fly, use ziplines and find different weapons to aid your journey to reach the cold mountains and below. Encounter over 50 unique bosses and enemy types!;['Windows PC'];['Adventure'];4.1;125;17;
Like a Dragon: Infinite Wealth;TBD;[];;[];[];N/A;0;0;
Persona 2: Eternal Punishment;May 17, 2012;['Atlus'];Persona 2: Eternal Punishment is a 2000 role-playing video game by Atlus for the PlayStation. It is chronologically the third installment in the Persona series, a subseries of the Megami Tensei franchise. The game was later remade by Atlus for the PlayStation Portable. This version, released in Japan in 2012, did not receive an overseas release. In response to this, the PlayStation version was released on PlayStation Network in 2013. /n Eternal Punishment takes place in the fictional Japanese city of Sumaru, and is a direct sequel to Persona 2: Innocent Sin. Taking place a few months after Innocent Sin, the game follows reporter Maya Amano as she investigates the Joker Curse, a malign phenomenon where people's wishes and rumors are coming true and causing chaos. During her investigations, she and others who join her gain the ability to summon Personas, personified aspects of their personalities. The gameplay features turn-based battle gameplay, where characters use their Personas in battle against demons, and a separate Rumor system, where rumors spread around the city can influence events in the characters' favor, either bad or good.;['PlayStation Portable'];['RPG'];4.5;155;21;Teen
BLACK SOULS;TBD;[];A role-playing game from Eeny, meeny, miny, moe?.;[];[];4.0;183;10;
Microsoft Minesweeper;Oct 08, 1990;['Microsoft'];Microsoft Minesweeper (formerly just Minesweeper, and also known as Flower Field) is a minesweeper-type video game created by Curt Johnson, originally for IBM's OS/2, that was ported to Microsoft Windows by Robert Donner, both Microsoft employees at the time.;['Windows PC'];['Puzzle'];3.2;2.6K;13;
Splatoon 2: Octo Expansion;Jun 13, 2018;['Nintendo'];"This full-on single-player adventure spans 80 missions starring Agent 8, an Octoling who awakens on a dark subway platform. Navigate this mysterious underground test facility in a desperate battle to reach the surface of Inkopolis. Escape from these twisted depths, and you’ll finally be able to join multiplayer matches as an Octoling! /n ""The new adventure features 80 missions starring Agent 8, a new character who awakens without her memories on a dark subway platform. Navigate the twisted depths in a battle to reach the surface of Inkopolis. Once you escape, you'll be able to join multiplayer matches as an Octoling! /n - Play as an Octoling who's lost her memory in a new single-player adventure spanning 80 missions. /n - Navigate an underground facility to reach the surface of Inkopolis. /n - Take on a variety of mission types packed with new challenges you won't find in the main game. /n - Complete the campaign to unlock Octolings (Girl or Boy) as playable characters in multiplayer battles. /n - Unravel mysteries hidden below Inkopolis with Pearl, Marina, & Cap'n Cuttlefish.""";['Nintendo Switch'];['Shooter'];4.3;2.6K;44;
Sulfur;TBD;['Perfect Random'];Sulfur is a modern old-school action-adventure: Outsmart enemies, find treasure, improve weapons, harness powers. Delve deeper, find answers, make it end.;['Windows PC'];['Shooter'];N/A;0;0;
Metal Gear Solid;Apr 24, 2000;['Konami'];Metal Gear Solid is a Game Boy Color spinoff of the popular stealth action game Metal Gear Solid. This is not a port of said game but an original game made specifically for the Game Boy Color. Metal Gear Solid is a non-canon game that serves as an alternate sequel to the events of the original Metal Gear.;['Game Boy Color'];['Shooter'];3.7;599;8;Mature
Star Fox 64 3D;Jul 17, 2011;['Nintendo'];The Star Fox team triumphantly returns to one of its greatest missions with this remake of Star Fox 64 in full 3D, featuring a complete graphical update. /n The entire Star Fox universe spreads out realistically into the depths of the Nintendo 3DS screen while the 3D visuals give the player a clearer grasp of distance and position. This makes the game more approachable and intuitive, thereby allowing players to focus on the action.;['Nintendo 3DS'];['Shooter'];3.7;1.9K;13;
Donkey Kong Country Returns 3D;May 23, 2013;['Nintendo'];Over 70 levels of banana-hoarding fun featuring Donkey Kong and Diddy Kong. Run, jump, climb and defeat enemies through diverse environments until you retrieve Donkey Kong's stolen banana hoard. Rebuilt and optimized for portable play on the Nintendo 3DS system.;['Nintendo 3DS'];['Platform'];3.8;1.5K;48;
Microsoft Solitaire;May 22, 1990;['Microsoft'];Solitaire, also known as Microsoft Solitaire is a computer game included with Microsoft Windows, based on a card game of the same name.;['Windows PC'];['Card & Board Game'];3.1;1.5K;7;
The Thing You Can't Defeat;Jul 25, 2022;[];Experimental mod for Ultimate Doom. Doomguy has dementia. The Thing you can’t Defeat lets you replay the first episode of Ultimate Doom as it slowly morphs into a confusing and demented nightmare. /n This WAD was HEAVILY inspired by the WAD “Doom but somethings not right” and the album “Everywhere at the end of time” by The Caretaker.;['Windows PC'];['Shooter'];2.8;12;0;
A Hint of Purple;May 25, 2023;[];A short visual novel about queer love and art. Follow Maya, a once-celebrated painter now paralyzed, as she struggles to accept her new reality and its effects on her relationship. Argue with your Prefrontal Cortex, insult an art critic, befriend the elderly.;['Windows PC'];['Indie'];4.2;5;0;
Digimon Rumble Arena;Dec 06, 2001;['Bandai'];Digimon Rumble Arena is a crossover fighting video game developed and published by Bandai in association with Hudson Soft for the PlayStation video game console. /n Players are able to choose from up to 24 characters (fifteen of which need to be unlocked) from the Digimon Adventure and Digimon Tamers seasons of the Digimon anime, such as Terriermon, Agumon, Gatomon, and Renamon.;['PlayStation'];['Fighting'];3.2;1.3K;8;
Shin Megami Tensei: Devil Summoner 2 - Raidou Kuzunoha vs King Abaddon;Oct 23, 2008;['Atlus'];Devil Summoner Raidou Kuzunoha is back on the case in this action RPG sequel. While Kuzunoha may look like your average gumshoe, he's anything but. When Japan's capital is threatened, Kuzunoha and his demon-summoning powers are called into action. Crack a new case load in stylish 1920s Japan. You've got more than double the number of demons to negotiate with. Win them over to harness their abilities, then fuse them to increase their powers or control two at a time to create more tactical combat options. Combat is even better than ever, with new battle mechanics and a retooled Weapons Alchemy system that lets you create swords to deliver special attacks.;['PlayStation 2'];['RPG'];3.9;536;35;
Jump Ultimate Stars;Nov 23, 2006;['Ganbarion'];Jump Ultimate Stars is a fighting video game developed by Ganbarion and published by Nintendo for the Nintendo DS. It is the sequel to Jump Super Stars. The game was released in Japan on November 23, 2006. /n The game keeps many features from its predecessor, and adds many more. The game boasts 305 characters (56 of which are fully playable) from 41 different Shōnen manga series.;['Nintendo DS'];['Fighting'];3.7;913;4;
1-2-Switch;Mar 03, 2017;['Nintendo'];1-2-Switch is a party game for everyone! Throw an impromptu party anywhere with anyone thanks to a new play style in which players look at each other—not the screen! Bring the action and fun into the real world as you face off in wild-west duels, cow-milking competitions, and more. While the action unfolds off-screen, the audience watches the players themselves instead of the screen.;['Nintendo Switch'];['Arcade'];2.0;1.1K;4;Everyone 10+
Mario Party 10;Mar 12, 2015;['Nintendo'];Mario Party 10 has tons of fun new ways to play, challenge, and triumph over your friends, with new modes and a wealth of other exciting goodies. Strategize your way around a variety of unique boards to gather coins and stars, and best your buddies. In Bowser Party mode, you can take the role of bad guy Bowser to mess with your friends’ game. Need to let off some steam? Challenge your friends to a bunch of exciting minigames, unlock bonus content, and more.;['Wii U'];['Card & Board Game'];2.0;1.7K;3;
Tokyo Mirage Sessions #FE Encore;Jan 17, 2020;['Nintendo'];You and the rising stars you call friends will need to call on your own creative power - manifested as iconic Fire Emblem characters - to wage a secret war on rogue spirits that feed on creativity. Each encounter will immerse you in deep, turn-based battles that blend the combat of the Fire Emblem and Shin Megami Tensei series into one brutal harmony. Fuse items to craft weaponry, then play to your strengths and crush your foes. Around every corner you'll find fun nods to multiple fandoms, including Fire Emblem references, dungeons themed to the entertainment industry, and stunning musical performances.;['Nintendo Switch'];['RPG'];3.5;886;99;
Minecraft: Xbox 360 Edition;May 09, 2012;['Mojang Studios'];Imagine it, build it! Minecraft: Xbox 360 Edition lets you create worlds from the comfort of your sofa. Play alone or play with your friends. Explore, build and conquer! At night monsters come out, so make sure to build a shelter before that happens. After that, your world is your imagination. Turn your hours into minutes with Minecraft!;['Xbox 360'];[];3.9;2.2K;7;
Moonlight Syndrome;Oct 09, 1997;[];Moonlight Syndrome is a horror-themed adventure game developed and published by Human Entertainment for the PlayStation in October 1997. An entry in the company's Twilight Syndrome series, the game was directed and co-written by Goichi Suda.;['PlayStation'];[];4.1;72;11;
duplicate Overwatch: Origins Edition;TBD;['Blizzard Entertainment'];;[];[];N/A;0;0;
Elsewhere in the Night;Dec 06, 2022;['Cosmic Void'];Elsewhere in the Night is a 2D psychic noir point and click adventure game. Play as private detective Lady Tick Tock as she investigates the latest in a string of unsolved murders.;['Windows PC'];[];3.4;4;0;
Toilet in Wonderland;Jan 01, 2010;['Team Nonsense'];Toilet in Wonderland is a surreal exploration game made in RPG Maker 2000. It's a parody of Alice in Wonderland, where instead of the world being created by the protagonist's imagination, it is created by the protagonist, Mira's, constipation.;['Windows PC'];['Adventure'];3.8;162;1;
Shadow Hearts;Jun 28, 2001;['Sacnoth'];Shadow Hearts is the first official game in the Shadow Hearts series and is the sequel to Koudelka. Shadow Hearts follows the adventures of Yuri Hyuga, a Harmonixer guided by a mysterious voice in his head. He finds himself thrown into the conflicts prior to World War I where he must save the world and the woman he loves from destruction.;['PlayStation 2'];['RPG'];3.7;491;37;Mature
Umineko: When the Seagulls Cry;Aug 17, 2007;[];;['Windows PC'];[];4.5;372;13;
Gingiva;Sep 22, 2013;['myformerselves'];Surreal RPG from Middens author, Gingiva features seven playable characters, more than 5 hours of gameplay, over 100 fully animated creature portraits, multiple paths and varied endings.;['Windows PC'];['RPG'];3.4;61;1;
SCP: Secret Laboratory;Dec 28, 2017;['Northwood Studios'];Deep within the SCP Foundation during a containment breach, many of the anomalies have bypassed security and escaped from their chambers - without peaceful intentions. Become site personnel, a re-containment agent, or an anomalous entity and fight to take control of or escape the facility!;['Windows PC'];[];2.9;996;12;
Land Maker;Jun 01, 1998;[];A player versus player puzzle game where blocks are arranged by color in order to build houses. Depending on the size of the house built, the player receives various rewards.;['Arcade'];['Puzzle'];3.3;14;0;
Steel Seed;TBD;['Storm in a Teacup'];Steel Seed is a single player stealth-action adventure game set in a dark sci-fi world. In her epic journey inside a hostile underground facility run by AIs, Zoe is alone with Koby, a flying drone, as her only companion.;['Windows PC'];['Adventure'];N/A;0;0;
Fire Emblem: Three Houses - Cindered Shadows;Feb 12, 2020;['Nintendo EAD Tokyo Software Development Group No.1'];Cindered Shadows is a DLC sidestory in Fire Emblem: Three Houses where the focus is given to the Ashen Wolves Yuri, Constance, Balthus, and Hapi who resides in the Abyss, a whole town below Garreg Mach Monastery.;['Nintendo Switch'];['Turn Based Strategy'];3.4;872;15;
Mega Man: The Power Battle;Oct 01, 1995;['Capcom'];Mega Man: The Power Battle, known in Japan as Rockman: The Power Battle, is an arcade video game and a spin-off title for the Mega Man series. It was released in Japan in 1995 and was followed by a sequel, Mega Man 2: The Power Fighters, the following year.;['Arcade'];['Fighting'];3.2;531;1;
Custom Robo;Mar 04, 2004;['Nintendo'];You've been challenged to a fight, and the robots are waiting. Do you pick a Ray 01 body and equip it with a Wyvern gun and Burrow bomb P, or do you opt for a Javelin with Satellite pod and Feather legs? Custom Robo lets you and up to three friends customize robots with nearly 200 unique parts, then turns you loose in a virtual battlefield to prove who's the top robot commander.;['Nintendo GameCube'];['RPG'];3.8;542;5;
Mega Man: The Power Battle;Oct 01, 1995;['Capcom'];Mega Man: The Power Battle, known in Japan as Rockman: The Power Battle, is an arcade video game and a spin-off title for the Mega Man series. It was released in Japan in 1995 and was followed by a sequel, Mega Man 2: The Power Fighters, the following year.;['Arcade'];['Fighting'];3.2;531;1;
Castlevania Requiem: Symphony of the Night & Rondo of Blood;Oct 26, 2018;['Konami Digital Entertainment'];Experience two of the greatest games from the famous Castlevania series. /n Make your way to the top of Dracula's castle as Richter Belmont, descendant of the famed clan of vampire hunters, in 'Rondo of Blood', or take the leading role as Dracula's son Alucard in 'Symphony of the Night'. /n Enjoy the unique world, the epic classical background music, and the side-scrolling action of the Castlevania series!;['PlayStation 4'];['Platform'];4.4;467;30;Teen
Club Penguin: Elite Penguin Force;Nov 25, 2008;['Disney Interactive Studios'];Club Penguin: Elite Penguin Force is a DS game based on Disney's popular online world Club Penguin;['Nintendo DS'];['Adventure'];3.0;819;3;
Termo;Jan 05, 2022;[];"Termo is the Brazilian version of the browser game ""Wordle"", where your objective is to guess a 5 letter term within 6 tries. With each attempt, the color of each letter will tell you how close you are to the answer.";['Web browser'];['Puzzle'];3.7;93;5;
Cool Riders;TBD;[];Cool Riders is a 1994 racing arcade game. It is a spiritual sequel to Sega's OutRunners.;[];[];3.8;6;0;
Batman: The Video Game;Dec 22, 1989;['Sunsoft'];Batman: The Video Game, is a group of platform games developed by Sunsoft for the Nintendo Entertainment System and Game Boy, loosely based on the 1989 film of the same name. Despite having the same title, each is actually a different game. The NES title is arguably the best known and contains five levels culminating in a final showdown with the Joker in the bell tower of Gotham Cathedral. It was received well despite changes from the movie upon which it was based. /n Sunsoft later released Batman: Return of the Joker as a follow-up which is not related to any movie.;['NES'];['Platform'];3.4;785;7;
Street Fighter EX plus Alpha;Jul 17, 1997;['Capcom'];Street Fighter EX plus Alpha is the Playstation-exclusive home console port of the arcade game Street Fighter EX Plus, itself an updated version of Street Fighter EX. This version includes two new characters (Dhalsim and Sakura), additional game modes, as well as an arranged soundtrack and CG endings.;['PlayStation'];['Fighting'];3.3;330;3;
Star Wars: Jedi Knight - Dark Forces II;Sep 30, 1997;['LucasArts'];"Whatever path Kyle Katarn chooses will change the face of the galaxy forever. /n Star Wars Jedi Knight: Dark Forces II continues the story of Kyle Katarn, a young mercenary that successfully infiltrated the Empire, as he embarks on a quest to discover his past and learn the ways of the Jedi. /n In order to protect the galaxy Katarn must confront his father's murderers, led by the Dark Jedi Jerec, and stop them from obtaining the mysterious powers of a ""Valley of the Jedi"", a focal point for Jedi power and a Jedi burial ground. As Katarn embarks on his journey to defeat the Dark Jedi he must also shape his destiny, by choosing to follow either the light side, or the dark side.";['Windows PC'];['Shooter'];3.6;602;11;
Time Hollow;Mar 19, 2008;['Konami'];Time Hollow follows the story of Ethan Kairos and the mysterious disappearance of his entire family. As Ethan searches for his family he comes across a Hollow Pen, an uncanny object with the unique power to open portals to the past. This allows Ethan to change the past in order to solve problems in the present. Through the use of this mystical pen he must follow events in the present and past to locate his missing family.;['Nintendo DS'];['Adventure'];3.1;367;4;
Dragon Ball Z: Budokai Tenkaichi 4;TBD;[];;[];['Fighting'];N/A;0;0;
Mario Kart Wii: CTGP Revolution;Jan 12, 2014;['MrBean35000vr'];CTGP Revolution is a mod for Mario Kart Wii which adds many new custom tracks and cups to the game.;['Wii'];['Racing'];4.5;116;12;
Google Play Games;Jul 24, 2013;['Google'];;['Android'];[];1.6;17;0;
One Chance;Dec 02, 2010;['Awkward Silence Games'];Scientist John Pilgrim and his team have accidentally created a pathogen that is killing all living cells on Earth (bummer, right?). In the last 6 remaining in-game days on Earth, the player must make choices about how to spend his last moments. The game can only be played through once.;['Windows PC'];['Adventure'];2.5;212;0;
Granny Simulator;Aug 17, 2019;[];;['Windows PC'];[];2.6;41;0;Everyone 10+
Digimon World Dusk;Mar 29, 2007;['Namco Bandai Games'];Digimon World Dusk, originally released as Digimon Story Moonlight in Japan, is a Digimon video game for the Nintendo DS handheld game console. It was released in Japan on March 29, 2007 and North America on September 18, 2007. It serves as the second game in the Digimon Story series, though it was marketed as a game within the Digimon World series in North America.;['Nintendo DS'];['RPG'];3.4;553;6;
Red Steel 2;Mar 23, 2010;['Ubisoft Paris'];The game begins as an unnamed Hero, the last member of the Kusagari Clan, is being dragged across the desert, tied to the back of a motorcycle. He manages to break free, but Payne, the leader of the Jackals - a vast gang of thugs, murderers and thieves - steals the Hero's katana. While running from the Jackals, the Hero rescues his old swordsmaster Jian who was to soon be executed by the Jackals. After the rescue, Jian allows the Hero to borrow his sword until the Hero can recover his own from Payne.;['Wii'];['Shooter'];3.6;334;8;
Hatsune Miku: Project Diva Future Tone;Jun 23, 2016;['Sega'];Hatsune Miku: Project Diva Future Tone is a home console port of Hatsune Miku: Project Diva Arcade Future Tone for the PlayStation 4, containing over 200 songs and 300 modules to collect.;['PlayStation 4'];['Music'];4.0;946;51;
Skribbl.io;Dec 31, 2017;['ticedev'];Skribbl.io is a free multiplayer drawing and guessing game. One game consists of a few rounds in which every round someone has to draw their chosen word and others have to guess it to gain points! The person with the most points at the end of game will then be crowned as the winner!;['Web browser'];[];3.2;938;3;
Shatterline;Sep 08, 2022;['Frag Lab LLC'];Shatterline is an arena FPS with a roguelike co-op mode (Expedition) as well as several traditional PvP modes such as TDM, Conquest, Plant-the-Bomb, and Escort. Players can choose Operatives and an armory of weapons that can be customized via attachments. Set in the near future, where humanity faces a threat of cosmic proportions. Players take on the roles of the Immunes – bearers of an extremely rare genetic combination that allows their bodies to resist the alien plague.;['Windows PC'];['Shooter'];2.6;101;6;
Digimon World Dawn;Mar 29, 2007;['Namco Bandai Games'];Digimon World Dawn, originally released as Digimon Story Sunburst in Japan, is a Digimon video game for the Nintendo DS handheld game console. It was released in Japan on March 29, 2007 and North America on September 18, 2007. It serves as the second game in the Digimon Story series, though it was marketed as a game within the Digimon World series in North America.;['Nintendo DS'];['RPG'];3.3;415;6;
Monster Hunter Portable 3rd;Dec 01, 2010;['Capcom'];Monster Hunter Portable 3rd is a game in the Monster Hunter franchise for the PlayStation Portable system that was released in Japan on December 1, 2010. The game was released, as a part of the PlayStation Portable Remaster series, on PlayStation 3.The game introduces new regions, monsters, and a revised Felyne combat system. Monster Hunter Portable 3rd is not an update to Monster Hunter Freedom Unite or Monster Hunter Tri. Monster Hunter Portable 3rd is instead separate to the rest of the series, and most of the game has been entirely remade.However, it is also a successor to Monster Hunter Freedom Unite as the third game in the Portable series.;['PlayStation Portable'];['RPG'];4.0;448;26;
Meteos;Mar 10, 2005;['Nintendo'];An evil planet named Meteo is sending storms of world-ending meteors across the galaxy, and only your puzzle skills can stop them. As blocks drop down on the lower screen, you must use the DS's stylus to match up blocks of the same color. Once you have enough blocks connected, they'll shoot back into the sky to form planets on the upper screen.;['Nintendo DS'];['Puzzle'];3.7;340;7;
My Nintendo Picross: The Legend of Zelda Twilight Princess;Mar 31, 2016;['Nintendo'];My Nintendo Picross: The Legend of Zelda Twilight Princess is a downloadable title only available through the My Nintendo rewards program.;['Nintendo 3DS'];['Puzzle'];3.3;559;13;
Misao;May 26, 2011;['Sen'];Misao is a freeware horror adventure game where you explore and escape from a high school trapped in another world by a malevolent curse.;['Windows PC'];['Puzzle'];2.7;535;4;
The Magical Quest Starring Mickey Mouse;Nov 20, 1992;['Capcom'];Pluto has disappeared and his pal Mickey is hot on his trail! But evil Emperor Pete won't make it easy. He's snatched poor Pluto and hidden him deep within his dungeon. Now, Mickey must summon his courage and begin a treacherous trek through Emperor Pete's magical world to rescure his chum before it's too late! /n Jump and touch the clouds as you and Mickey leap past buzzing bees and sinister snakes in the Treetops. Journey through the Dark Forest and dazzle Pete's guards with the power of Mickey's magical turban! Sink into the blazing inferno of the Fire Grotto and help Firefighter Mickey extinguish the flames! Scale the rocky heights of Pete's Peak and head straight for Emperor Pete's castle. Sneak inside, and Mickey must face the awesome might of Emperor Pete's sinister magic! Hurry! Pluto needs your help!;['SNES'];['Platform'];3.4;522;1;
Touhou Fuumaroku: The Story of Eastern Wonderland;Aug 15, 1997;['Team Shanghai Alice'];The Story of Eastern Wonderland casts the player as the Shrine Maiden Reimu Hakurei and offers three distinct attack types to choose from: a wide-range type with weak attack power, a mid-range type with moderate attack power and auto-targeting capabilities, and a narrow-range type with high attack power but lowered movement speed. The bombs also exhibit unique behavior depending on the type chosen. /n As the first danmaku shooting game in the Touhou Project, the Story of Eastern Wonderland introduces many features that are now hallmarks of the series as a whole: relatively small hit boxes, boss characters who are not much larger than the player character however are highly mobile, a power-up system, variable-worth point items, an unlockable Extra Stage, and a semi-complex scoring system. The game also marks the first appearance of Marisa Kirisame, who would become a major character in the series, appearing as often as Reimu Hakurei herself.;['PC-98'];['Shooter'];2.9;449;7;
Marathon Infinity;Oct 15, 1996;['Bungie'];Marathon Infinity takes the closed universe of the Marathon series and blows it wide open. The solo/co-op campaign, “Blood Tides of Lh’owon,” is a 20-level scenario sporting new textures, weapons, and aliens. More than that, the scenario sheds a surprising new light on the story’s characters and the meaning of events. Having defeated the Pfhor and reawakened the ancient remnants of the S’pht, the player now faces a world where friends become enemies and all is not what it seems…;['Mac'];['Shooter'];4.0;75;2;
Neon Genesis Evangelion;Jun 25, 1999;['Bandai'];"This game is an interactive adaptation of Neon Genesis Evangelion for N64. Called Shinseki Evangelion in Japan, the Gainax-produced anime series originally aired from October '95 to March '96 and soon spawned a feature movie release in '97. The N64 game starts in the year 2015, 15 years after Second Impact. The Angels have returned and suddenly attack Tokyo-3. Using so-called ""terror-fields"" that cannot be penetrated by ordinary weapons, the Angels are taking on every human force sent out to oppose them. That's where you come in. As the pilot of the NERV-designed Evangelions, Shinji Ikari, you take your giant humanoid combat mech into battle with the Angels. Gameplay can best be described as interactive anime, as it relies heavily on timed button presses.";['Nintendo 64'];['Fighting'];2.3;174;4;
M.U.G.E.N;Jul 27, 1999;['Elecbyte'];MUGEN is a 2D fighting game engine developed by Elecbyte. Content is created by the community, and thousands of fighters, both original and from popular fiction, have been created.;['Windows PC'];['Fighting'];3.9;786;13;
Liar Liar;May 17, 2014;['tokimekiwaku'];The goal of the game is to aid Yukari, the heroine of this game to murder her boyfriend and get rid of anyone in your way! The game play should probably take roughly less than 15 minutes. There are three ways you can die, and there is only one true end.;['Windows PC'];['Visual Novel'];2.2;146;0;
Guess the Game;May 15, 2022;['Sam Stiles'];GuessTheGame is a daily puzzle game for video game enthusiasts. /n Every day a new game is selected and 6 screenshots from the game (some gameplay, some UI, some cutscenes - not guaranteed to strictly be gameplay!) are presented to you one at a time.;['Web browser'];['Quiz/Trivia'];3.2;199;19;
Naruto: Ultimate Ninja Heroes;Aug 28, 2007;['Namco Bandai Games'];"Naruto: Ultimate Ninja Heroes is an English-exclusive fighting game and is the first English Naruto game on the PlayStation Portable. /n Naruto: Ultimate Ninja Heroes is essentially a scaled down version of Naruto: Ultimate Ninja 2 and an edited version of Narutimate Hero Portable. However, Ultimate Ninja Heroes is more of an action game whereas Narutimate Portable was more story oriented. The game also features 20 characters and several new features, such as a three-on-three fighting system, wireless two-player battles, and ""hidden"" team skills.";['PlayStation Portable'];['Fighting'];2.8;405;3;Teen
PictoChat;Nov 21, 2004;[];PictoChat is a communication application built-in to all DS, DS Lite, and DSi hardware.;['Nintendo DS'];[];3.8;796;3;
Hatsune Miku: Project Mirai DX;May 28, 2015;['Sega'];"Hatsune Miku: Project Mirai DX is a rhythm game and the sequel to Hatsune Miku and Future Stars: Project Mirai. The game is also a spin-off of the Hatsune Miku: Project DIVA series of Vocaloid rhythm games. Like the original, the game primarily makes use of Vocaloids, a series of singing synthesizer software and the songs created using these vocaloids, most notably the virtual-diva Vocaloid Hatsune Miku. While Project Mirai only had button controls, Project Mirai 2 adds the use of touch screen controls where players tap the bottom screen. An increased sense of speed and additional gimmicks have also been added. /n The ""PuyoPuyo 39"" mini-game can be played by two people through a local wireless connection.";['Nintendo 3DS'];['Music'];3.8;804;31;
LEGO Island;Oct 02, 1997;['Mindscape'];Lego Island is a nonlinear game with a first-person perspective. The game features a series of missions including pizza delivery, jet ski racing, and putting the Brickster back in jail. It also features a variety of playable characters that each have unique abilities that can help the player throughout the game.;['Windows PC'];['Adventure'];3.2;687;0;
Portal Reloaded;Apr 19, 2021;['PORTANIS'];Portal Reloaded is a free, community made modification for Portal 2. The mod builds on the concepts of the main game by allowing you to place a third portal, which enables traveling between two different timelines. Thinking in four dimensions is vital to solving 25 brand new mind-bending puzzles.;['Windows PC'];['Puzzle'];3.7;592;37;
GoldenEye 007;Nov 02, 2010;['Activision'];The GoldenEye story comes to life once again with an updated single player storyline featuring Daniel Craig as Bond and written by Bruce Feirstein, the screenwriter for the original movie. Surprise enemies covertly or engage in a full on firefight and use Bond's latest gadget to uncover intel in augmented reality as you relive all the classic GoldenEye movie moments. Infiltrate the dam and destroy the facility, chase Ourumov in the tank through the streets of St. Petersburgh, and investigate the secret jungle base. /n BRINGING MULTIPLAYER BACK TO ITS ROOTS. – Splitscreen returns to the first person shooter in GoldenEye – 4 players in the same room, on the same screen. The extensive variety of characters, game modes and weapons lets you customize the perfect experience from over 500 split screen game combinations /n 40 unique characters: Play as your favorite Bond characters and villains, including 8 classic characters – Oddjob, Jaws, Scaramanga, Baron Samedi, Dr. No, Rosa Klebb, Red Grant, and Blofeld /n 17 special game modifiers: Mix and match to create a unique gaming experience every time you play. Put a twist on standard game types with special modes like Paintball, Melee Only and You Only Live Twice /n A vast arsenal of weapons and gadgets: Eliminate adversaries with Bond's signature P99 and an assortment of automatic and sniper rifles, or ensure a surprise attack with proximity mines /n Online multiplayer: GoldenEye also features online multiplayer for up to 8 players designed for seasoned FPS online gamers with unique modes and a robust XP system for unlockables and achievements;['Wii'];['Shooter'];3.1;603;5;
Chicken Invaders;Dec 31, 1999;['InterAction Studios'];Sometime in the near future, Earth is invaded by chickens from another galaxy, bent on revenge against the human race for oppressing earth chickens! Take the world's fate in your hands (or at least have an omelette) in this modern rendition of the 80's classic. Save the world today!;['Windows PC'];['Shooter'];2.6;128;0;
Portal Reloaded;Apr 19, 2021;['PORTANIS'];Portal Reloaded is a free, community made modification for Portal 2. The mod builds on the concepts of the main game by allowing you to place a third portal, which enables traveling between two different timelines. Thinking in four dimensions is vital to solving 25 brand new mind-bending puzzles.;['Windows PC'];['Puzzle'];3.7;592;37;
Bomba Patch;Dec 31, 2007;['GeoMatrix'];"Bomba Patch is a modification to Pro Evolution Soccer 6 for the Playstation 2 which adds Brazilian Soccer teams and Portuguese voice overs. /n Since 2007, the mod uses the phrase ""100% updated"" by getting physical/digitally updates quickly.";['PlayStation 2'];['Sport'];4.2;356;5;
Quake Live;Aug 06, 2010;['id Software'];From the legendary series that founded the online shooter genre comes the most exciting, energetic, and fast-paced shooter on the Internet. Play against players around the world in over 100 arenas, and a dozen game modes, in one of the most competitive shooters online today. Welcome to Quake Live.;['Windows PC'];['Shooter'];3.6;489;4;
Petz: Catz 5;Dec 31, 2002;[];Take care of virtual cats in the 5th game in the series.;['Windows PC'];['Simulator'];3.7;30;1;
Equinox;Mar 01, 1993;['Sony Imagesoft'];Equinox is the sequel to Solstice. It is presented in a 3D isometric view with colourful graphics. The game is based upon solving puzzles to progress to the next dungeon. In the game you play the son of the hero in the first game, Shadax. Shadax has been kidnapped by an evil witch and it is up to you to rescue him.;['SNES'];['Arcade'];3.1;49;0;
Tiny Wings;Feb 18, 2011;['Andreas Illiger'];A game about the dream of flying on iPhone, iPod Touch & iPad. You have always dreamed of flying, but you have tiny wings.;['iOS'];['Arcade'];3.2;222;0;
Project M;Feb 07, 2011;['Project M Development Team'];Project M is a community-made mod of Brawl inspired by Super Smash Bros. Melee's gameplay designed to add rich, technical gameplay to a balanced cast of characters while additionally enhancing the speed of play. Project M employs new codes which seamlessly add in new, universal features to the entire cast to add technical variety to all characters.;['Wii'];['Fighting'];4.2;861;8;
Street Fighter EX 2;May 26, 1998;[];"The original version of Street Fighter EX2 retains all the features from the previous game, Street Fighter EX Plus, including original features such as ""Guard Breaks"" (unique moves which cannot be blocked by an opponent) and ""Super Canceling"" (the ability to cancel a Super Combo into another Super Combo). /n The primary new feature in the game are ""Excel Combos"", (""excel"" being abbreviation for ""extra cancel""). Much like the ""Custom Combos"" featured in the Street Fighter Alpha series, Excel Combos allows player to connect a series of basic and special moves for a limited time. During an Excel Combo, the player begins with a basic move and can follow up with a different basic move or follow-up a basic move with a special move, which can be followed by a different special move. However, the player cannot connect any move with the same move, nor can they cancel special moves into basic moves during an Excel Combo.";['Arcade'];['Fighting'];3.0;57;0;
Umineko no Naku Koro ni: Episode 1 - Legend of the Golden Witch;Aug 17, 2007;['07th Expansion'];Umineko no Naku Koro ni: Legend of the Golden Witch is the first episode of the murder mystery sound novel by 07th Expansion, creators of the Higurashi series. This installment serves as an introduction to the Umineko series. /n It is the first of four Question Arcs, and is followed by Turn of the Golden Witch.;['Windows PC'];['Visual Novel'];3.8;609;17;
Dies irae ~Interview with Kaziklu Bey~;Mar 25, 2016;['light'];"My mother was my sister. /n Brooklyn, New York - The man who sat across the interviewer at the vampire bar known as the ""Borges House"" began his story with those odd words. /n Following the end World War II, the pallid SS officer traversed the globe to many a raging battlefield, leaving carnage unforeseen in his wake. /n The vampire of the battlefield. The wandering Hakenkreuz. /n Though his saga was passed down as naught but a stale ghost story, it was no mere urban legend. /n For he was Wilhelm Ehrenburg - hunted in absolute secrecy by the UN as a remnant of the Third Reich, enemy of the world, and one of the infamous members of the demonic Longinus Dreizehn Orden. /n And after over half a century, the time had finally come for him to depart for Japan in order to fulfill his most ardent desire. /n Humoring this interviewer he would have ignored or slain any other day was merely a whim birthed from the exaltation of the promised time drawing ever closer. /n That was the only reason our intrepid interviewer found him in a talkative mood. /n Thus, as he reflected on his life, Wilhelm grew nostalgic - sentimental, even - for the path he had walked. /n And when asked, he unveiled his past piece by piece. /n From the accursed blood that poisoned his very soul, to the blight wrought by the works of Mercury. /n He spun a tale of the day he awakened to the truth of his being, and of the woman who had the nature of Wilhelm's existence engraved upon her very being. /n ""Don't you worry, I'm gonna tell you everything. From the first moment I met her, to the very end of our story.""";['Windows PC'];['Adventure'];4.1;147;1;
Street Fighter EX 2;May 26, 1998;[];"The original version of Street Fighter EX2 retains all the features from the previous game, Street Fighter EX Plus, including original features such as ""Guard Breaks"" (unique moves which cannot be blocked by an opponent) and ""Super Canceling"" (the ability to cancel a Super Combo into another Super Combo). /n The primary new feature in the game are ""Excel Combos"", (""excel"" being abbreviation for ""extra cancel""). Much like the ""Custom Combos"" featured in the Street Fighter Alpha series, Excel Combos allows player to connect a series of basic and special moves for a limited time. During an Excel Combo, the player begins with a basic move and can follow up with a different basic move or follow-up a basic move with a special move, which can be followed by a different special move. However, the player cannot connect any move with the same move, nor can they cancel special moves into basic moves during an Excel Combo.";['Arcade'];['Fighting'];3.0;57;0;
Tennis;May 29, 1989;['Nintendo'];Tennis is, as the name implies, Nintendo's version of the sport. One player vs computer or two players will compete in tennis in a more or less standard suite of rules (scoring, sets etc.). /n Players are controlled by the movement buttons, but while button A indicates a low hit, button B indicates a high one. You have the choice of four levels of computer AI, or two player via Game Boy link cable. The usual assortment of shots are available, including forehand and backhand, lobs and volleys when up close to the net.;['Game Boy'];['Sport'];2.5;230;1;
GioGio's Bizarre Adventure;Jul 25, 2002;['Capcom'];"GioGio's Bizarre Adventure aka JoJo's Bizarre Adventure: Golden Wind or JoJo's Bizarre Adventure: Golden Whirlwind is an action-adventure video game developed and published by Capcom for the PlayStation 2 on July 25, 2002 in Japan. It is based on Vento Aureo, the fifth part of Hirohiko Araki's manga series JoJo's Bizarre Adventure. The player controls characters from the manga, and fight enemies in 3D environments using both physical attacks, and special combination moves performed by spirit-like ""Stand"" characters released from the player character's body.";['PlayStation 2'];['Adventure'];3.2;131;1;
Sugar Box;TBD;[];Sugar Box - Minimalistic beautiful puzzle game in which you need to help insects pick up sugar;[];['Indie'];N/A;1;0;
Ridge Racer 6;Nov 22, 2005;['Namco'];Ridge Racer 6 is the sixth installment in the Ridge Racer series of racing games. /n Like previous Ridge Racer titles, the focus of gameplay is on placing first out of 14 in numerous 3-lap races across several tracks and numerous cars.;['Xbox 360'];['Racing'];3.5;70;4;Everyone
The Document of Metal Gear Solid 2;Sep 24, 2002;['Konami'];The Document of Metal Gear Solid 2 gives a behind-the-scenes look at Metal Gear Solid 2: Sons of Liberty. You'll receive a thorough education on all aspects of Sons of Liberty, including original concept plans, rare video footage and trailers, and even programming secrets. Also included are playable VR training missions from Metal Gear Solid 2: Substance. With in-depth footage and insider information, The Document of Metal Gear Solid 2 is a complete resource guide for Metal Gear Solid fans.;['PlayStation 2'];['Tactical'];4.3;81;0;
Super Bomberman 4;Apr 26, 1996;['Hudson Soft'];The fourth SNES game in Hudson's explosive multiplayer series sends White Bomber and Black Bomber hurtling through time.;['Super Famicom'];['Arcade'];3.8;515;1;
Star Wars: Jedi Knight - Mysteries of the Sith;Feb 24, 1998;['LucasArts'];Kyle Katarn's adventures continue five years after the events in Dark Forces II. Invading Imperial forces advance upon a quiet Rebel outpost, interrupting Kyle's trianing of a brave new Jedi, Mara Jade. /n First introduced in Timothy Zahn's award-winning Star Wars™ novel, Heir to the Empire, Mara Jade combines her experiences as a smuggler and Emperor's Hand with her apprenticeship as a Jedi Knight. Mara's training will continue in the field as she makes use of four new weapons and five new Force™ powers to secure supplies for the New Republic. /n Meanwhile, Kyle pursues what he believes to be his destiny as he searches for secret treasures in an ancient Sith temple. Will you uncover the Mysteries of the Sith?;['Windows PC'];['Shooter'];3.0;202;4;
Soul Sacrifice;Apr 30, 2013;['Sony Computer Entertainment'];Soul Sacrifice is a brutal combat experience where every decision made will have consequential results.  /n The main protagonist of Soul Sacrifice is one of the innocent bystanders that has been enslaved by a powerful and cruel sorcerer known as Magusar, who absorbs human sacrifices to remain immortal. Just before the protagonist is going to be sacrificed, a talking book appears before them. The book, named Librom, is a collection of stories that describe past fights between monsters and the powerful sorcerer. The player character is able to enter the book's world and experience the fights in events known as Phantom Quests, thereby gaining the experience and power needed to defeat Magusar. /n The game has two endings depending on whether the player saves or sacrifices Magusar after his defeat. There is also a third ending that occurs if the player defeats Magusar before completing all of the main stories in Librom.;['PlayStation Vita'];['RPG'];3.1;198;3;Mature
TMNT;Mar 20, 2007;[];;['PlayStation Portable'];[];2.0;7;0;Everyone 10+
Tekken: Dark Resurrection;Jul 06, 2006;[];The power of the greatest fighting dynasty... in the pal of your hands. /n Tekken: Dark Resurrection has arrived on the PSP system. Fight with new characters Lili and Dragunov or other favorites including Jin, Heihachi, and Armor King. /n -Wireless ad hoc battle with up to 2 players to prove who is the real champion. /n -Customize your character with twice the items and share your creation using the Ghost feature. /n -Play mini-games in ad hoc mode or individually for a change in the action. /n -Stunning graphics on 19 stages of pain.;['PlayStation Portable'];['Fighting'];3.8;503;6;
Flipnote Studio;Dec 24, 2008;['Nintendo'];Flipnote Studio is an application for the Nintendo DSi that can be downloaded at no cost from the Nintendo DSi Shop.;['Nintendo DSi'];[];4.1;635;0;
Ragnarok Online;Aug 31, 2002;['GRAVITY'];"Ragnarok Online is a Korean MMORPG based around the Norse Mythology but with influences from Christianity and Asian Cultures too. It is based off the Korean Manwha ""Ragnarok"".";['Windows PC'];['RPG'];3.9;552;4;
Komocchi;Sep 20, 2001;[];Raise a cute cartoon avatar, playing mini-games to increase its skills.;['PlayStation'];['Simulator'];N/A;0;0;
Sega Race TV;TBD;[];Sega Race TV is an arcade racing game from Sega.;[];[];N/A;2;0;
Modern Combat 2: Black Pegasus;Jul 17, 2012;[];An improbably realistic shooter with magnificent graphics! As an American infantryman, you receive a task to capture the terrorist. Pass through 12 interesting missions in various corners of the Earth. In the game there’re 15 types of weapon. There is also a multiplayer (4 various modes) with possibility of game up to 10 people at the same time.;['Android'];['Shooter'];3.9;19;0;Mature
Tsui no Sora;TBD;['KeroQ'];;[];[];2.5;24;5;
Terraria: Spirit Mod;Jan 07, 2017;[];Feeling like you've obtained every last item you can humanely obtain? Have you defeated every boss to the point where fighting them just feels rather stale? Are you just plain out tired of the vanilla game? Well the Spirit Mod can fix that right up for you! /n The Spirit Mod is one of the largest mods for Terraria: with more than 1300 items, 8 bosses, and hundreds of enemies, as well as 3 new events and 3 brand new biomes, the mod has a lot to offer! We aim to make the world feel more alive with new ambient events, dozens of music tracks, and new mechanics, including a quest system. Development is always in full swing in our discord. Join us as we continue polishing and adding to our most recent 1.4 update!;['Windows PC'];[];3.6;8;2;
Gossamer Matrix;TBD;[];A retro-inspired FPS about good business practices with an emphasis on equipment interaction.;[];['Indie'];N/A;0;0;
Ruina: Fairy Tale of the Forgotten Ruins;Dec 24, 2008;['Karekusa Shoukichi'];Ruina: Fairy Tale of the Forgotten Ruins is a free-to-play Japanese RPG made with the RPG Maker 2000 engine, originally released on December 24th, 2008 and made but just one person known as Shoukichi Karekusa (枯草章吉). The game won the Grand Prize in Freem!’s 4th Annual Game Contest and its generally considered as a cult classic. /n The game was fan translated into English in early 2021 by a user named Dink. The translation received the blessing of the original creator with the conditions that his name remain in or be added to any relevant documentation, signifying that he is the game’s creator and that the game always be available free of charge.;['Windows PC'];['RPG'];4.6;28;9;
Fallen London;Oct 01, 2009;['Failbetter Games'];"Fallen London is a browser-based choose-your-own-adventure game set in ""Fallen London"", an alternative Victorian London with gothic overtones.";['Web browser'];['Adventure'];3.7;82;19;Teen
Paper Toss: World Tour;Aug 05, 2009;[];A casual game for iPhone/iPod Touch where you attempt to throw a paper ball into a trash can, in different world locations.;['iOS'];['Sport'];1.7;6;0;
Mighty Switch Force!;Dec 22, 2011;[];Call in the Patty Wagon!;['Nintendo 3DS'];[];3.2;423;6;
Umineko no Naku Koro ni Chiru: Episode 6 - Dawn of the Golden Witch;Dec 30, 2009;['07th Expansion'];Dawn of the Golden Witch is the sixth arc in Umineko no Naku Koro ni and the second arc of Umineko no Naku Koro ni Chiru. The story follows BATTLER's game as narrated by Ange Ushiromiya to Featherine Augustus Aurora. The story focuses heavily on the romantic relationships of Shannon, Kanon, and Beatrice.;['Windows PC'];['Visual Novel'];4.3;387;4;
Slender-Man;Sep 27, 2012;[];A game for mobile devices that is nearly identical in content to Slender: The Eight Pages, but has no connection to the original developers.;['iOS'];['Adventure'];1.9;303;0;Teen
Kingdom Hearts IV;TBD;['Square Enix'];The newest installment in the beloved RPG series was officially announced as part of the 20th Anniversary celebration of the Kingdom Hearts franchise.;[];[];N/A;22;1;
Suikoden Tierkreis;Dec 18, 2008;['Konami'];Suikoden: Tierkreis is the latest iteration of the popular RPG franchise that was introduced more than 12 years ago. Suikoden: Tierkreis follows the story of the 108 Stars of Destiny, a group of magical warriors, as they challenge the almighty One King, who intends to create chaos in the universe. As the player gathers the members of the 108 Stars of Destiny, the forces for good will stand up against evil in a battle that spans the near infinite parallel worlds of the Million World universe.;['Nintendo DS'];['RPG'];3.3;187;5;
Dillon's Rolling Western: The Last Ranger;Apr 11, 2013;['Nintendo'];A sequel to Dillon's Rolling Western for the 3DS eShop.;['Nintendo 3DS'];['Adventure'];2.9;32;5;
Stretch Dungeon;TBD;[];Game for android and ios by Nitrome.;[];[];N/A;6;0;Everyone 10+
Mario & Sonic at the Olympic Games Tokyo 2020;Nov 01, 2019;['Sega'];Mario & Sonic at the Olympic Games Tokyo 2020 is the sixth installment in the Mario & Sonic series based on the real-world 2020 Summer Olympics, which will take place in Tokyo, Japan. The game includes a number of events, including returning ones from previous Mario & Sonic titles, such as boxing, soccer, swimming, and gymnastics, and new ones, such as karate, skateboarding, sport climbing, and surfing. It will also feature a mode with 2D Events where players can compete in classic 2D versions of events from the 1964 Summer Olympics. Based off older sports games, these events are played using button controls only and will only feature eight playable characters. These 2D Events' animations reflect the 8-bit Mario and 16-bit Sonic game art style.;['Nintendo Switch'];['Sport'];2.8;517;10;
Re:Kinder;Aug 17, 2010;['Parun'];Re:Kinder is a freeware horror game by Parun (Horafuki Yokochou) made in RPG Maker VX. /n It's a remake of Kinder, originally released in 2003 with RPG Maker 2003. /n Third-grader Shunsuke goes to stay over at his grandmother's house. /n Upon his return home, he finds not his familiar hometown, but a ruined town of death. /n He meets his surviving friends and some other children their age, but a crueler reality awaits them...;['Windows PC'];['Indie'];3.6;141;7;
Ridge Racer;Dec 12, 2004;['Namco'];Ridge Racer is an arcade racing video game named after the eponymous Ridge Racer video game series to which it belongs. /n Ridge Racer has been described as a 'compilation' of the series, featuring tracks, cars and remixed soundtrack from previous titles in the 1990s.;['PlayStation Portable'];['Racing'];3.8;168;6;
Double Dragon;Oct 01, 1992;['Virgin Games'];Double Dragon: The Revenge of Billy Lee is a beat 'em up game developed and published by Virgin Interactive in 1993 for Sega's Game Gear handheld console. It is a unique entry in the series, exclusive to the console, and implements many elements not seen in most other installments of the franchise. /n The game was entirely developed by Virgin Interactive, with no involvement from Technōs other than its licensing, as such, it implements many aspects not seen in most other installments of the Double Dragon franchise, such as the ability to use firearms. Furthermore, in contrast to the gameplay style and aesthetics already established by previous games, the Game Gear version takes a unique approach that is more similar to other beat 'em ups, such as the Streets of Rage series.;['Sega Game Gear'];['Brawler'];3.0;7;1;
Bleach: Blade Battlers 2nd;Sep 27, 2007;['Racjin'];Bleach Blade Battlers 2nd (BLEACH ~ブレイド・バトラーズ 2nd~) is a video game for the PlayStation 2. It is the second installment in the Bleach: Blade Battler series.;['PlayStation 2'];['Fighting'];3.2;153;1;
Touhou Gensoukyou: Lotus Land Story;Aug 14, 1998;['Team Shanghai Alice'];This game features two playable characters to choose from, with two different attack types each. Reimu Hakurei can pepper a wide area of the screen with weaker attacks, while Marisa Kirisame relies on her power to compensate for her narrower attack spread. The bombs also exhibit unique behavior and damage amounts depending upon the character chosen. /n Lotus Land Story is the first game in the Touhou Project to feature bombs that auto-collect items, graze counting, the ability to move more slowly by holding the shift key, and a non-trivial scoring system that involves the collection of special dream items that boost the player's ultimate scoring potential. The game's scoring system also marks the series' first instance of score bonuses for the elimination of bullets following the defeat of mid-bosses and bosses.;['PC-98'];['Shooter'];3.5;451;6;
Star Wars Trilogy: Apprentice of the Force;Sep 21, 2004;['Ubisoft Entertainment'];For the first time, the legendary Star Wars movie trilogy arrives on Game Boy Advance. Players will experience the most exciting and memorable scenes from Star Wars: A New Hope, The Empire Strikes Back, and Return of the Jedi. /n Control Luke as he becomes a Jedi, fight Darth Vader and Boba Fett, escape from the fearsome rancor beast, and destroy the Death Star.;['Game Boy Advance'];['Platform'];2.5;89;1;
Infinity Blade II;Dec 01, 2011;[];Infinity Blade II is an action role-playing video game for the iOS mobile devices developed by Chair Entertainment and Epic Games released through the Apple App Store. The game is the sequel for the acclaimed Infinity Blade from the same developers.  /n  /n Infinity Blade II was announced on October 4, 2011 during the Apple iPhone 4S Presentation Keynote. It was subsequently released on December 1, 2011.[3] The game features enhanced graphics and a storyline continuing from the novel Infinity Blade: Awakening.  /n  /n A sequel and final installment in the series, Infinity Blade III, was released on September 18, 2013.;['iOS'];['Adventure'];3.7;194;0;Teen
Grav Blazer;Jul 17, 2017;['Ripknot Systems'];Grav Blazer is an arcade space shooter with a focus on fast paced action. Players will experience procedurally generated levels with increasing difficulty. To beat a sector all space bases need to be defeated. Each base will constantly construct enemy ships to defend themselves and the ship type and strength is determined by what sector you are in. Skill based firing mechanics, rotational controlled power attacks, increasing level difficulty, and endless procedurally generated levels are some of the features players will experience.;['Windows PC'];['Indie'];N/A;4;0;
I.Rule;TBD;[];I.Rule is a tower-defense fangame based on The Binding of Isaac: Rebirth and Plants vs. Zombies. /n It's a roguelite where you fight monsters using babies with different abilities, based on familiars from The Binding of Isaac. Fight bosses, complete various challenges and craft the most effective strategy to win!;['Windows PC'];['Strategy'];3.2;10;0;
Mahoutsukai no Yoru;Apr 12, 2012;['TYPE-MOON'];“Near the end of the Showa Era. (Late 1980s) /n In the old mansion rumored that a witch lives, Aoko Aozaki who just started learning sorcery and her teacher, a young mage Alice Kuonji, lived together. /n But as if he was guided by an invisible string of fate, a young boy called Soujuurou Shizuki joins them and a strange communal life begins…” /n “Late 1980s. The golden age full of brightness and spirits. The boy who came to the urban city passes by the two witches who live in the present” /n “The boy lived a really normal life /n She lived with pride and confidence /n The girl lived hidden as if she’s asleep”;['Windows PC'];['Visual Novel'];4.4;338;40;
Ninja Gaiden: Dragon Sword;Mar 20, 2008;['Ubisoft'];This action-adventure title is presented in a third person, pseudo-3D manner, meaning all the game-models are rendered in full 3D, but the world the player travels around in is pre-rendered. When played, the Nintendo DS is held sideways, as in Hotel Dusk: Room 215 and Brain Age: Train Your Brain in Minutes a Day!. The left screen shows the area map, while the right displays the main gameplay, when set for right-handed play, and reverse when set for left-handed play. /n Set six months after Ninja Gaiden, Ryu Hayabusa has rebuilt the Hayabusa Village. When fellow villager and kunoichi, Momiji, is kidnapped by the Black Spider Ninja Clan, he is forced to find her, while uncovering the secrets behind the mysterious Dark Dragonstones and their relation to the Dragon Lineage;['Nintendo DS'];['Adventure'];3.1;243;7;
Guardians: Denjin Makai II;Jan 01, 1996;[];Guardians (ガーディアンズ?), also known as Denjinmakai II (電神魔傀II?), is a side-scrolling beat 'em up developed by Winkysoft and published by Banpresto that was exclusively released as a coin-operated arcade game in 1995 as the successor of the 1994 arcade game Denjinmakai.;['Arcade'];[];3.9;56;0;
Sally's Salon;TBD;['Capcom'];Sally's Salon asks players to help Sally fulfill her dream of opening the most fabulous hair and beauty salon in the world.;[];['Simulator'];2.7;11;0;
PaRappa the Rapper Remastered;Apr 04, 2017;['Sony Interactive Entertainment'];After 20 years since his debut, PaRappa the Rapper returns to PlayStation! Relive the original music game and join PaRappa on his quest to win the heart of Sunny Funny and learn from favorite rap masters like Chop Chop Master Onion, Instructor Mooselini, and Cheap Cheap The Cooking Chicken. It is complete with all the music and gameplay that made PaRappa the Rapper an instant classic.;['PlayStation 4'];['Music'];3.2;278;4;
YouTube Snake;Jul 01, 2010;['Google'];YouTube Snake was an easter egg game in the YouTube video play that was first included in July 2010, however has since been removed. The game was a playable version of the game Snake and was accessible by pressing up when a video was buffering.;['Web browser'];['Arcade'];N/A;18;0;
Dead or Alive Xtreme 3: Fortune;Mar 24, 2016;['Koei Tecmo'];The third title in the Dead or Alive Xtreme series, which is currently only planned for release in Japan and Asian territories.;['PlayStation 4'];['Sport'];2.9;129;1;
Aliens Versus Predator Classic 2000;Mar 28, 2000;['Rebellion Developments'];Aliens Versus Predator Classic 2000 features the Colonial Marine, Alien and Predator Campaigns and the frenetic single-player Skirmish mode from the original title: Alien Versus Predator Gold Edition, which was released to massive acclaim in 2000. /n Alien Versus Predator Classic 2000 has been updated to run on modern PCs and laptops using DirectX 9.0c and includes support for Xbox 360 Controller for Windows. /n The three most ferocious species in the universe in a bloodthirsty battle for the ultimate prize: survival. Take your pick: be a Colonial Marine, a Predator or an Alien. Fight through suspense-filled environments: from starships and space stations to colonial bases and eerie planetscapes. One wrong move turns you from hunter to prey. /n Three campaigns: Colonial Marine, Alien and Predator and includes all the levels from the original AvP Gold Edition plus the Millennium Expansion Pack.;['Windows PC'];['Shooter'];3.1;72;2;
Run 2;Mar 21, 2011;['player_03'];Run 2 is a flash game first hosted on Kongregate in 2011. It is played as either a runner or skater, and each character has 31 different short, platforming levels to play. People either run or skate through each level, jumping over gaps, rotating on walls, and finding secret bonuses to unlock the 6 bonus levels for each character.;['Web browser'];['Platform'];3.2;388;0;
Trinoline;Apr 18, 2019;['Minori'];One summer day, Shun Nanami meets a girl who is the spitting image of his dead sister. She turns out to be a high-tech android indistinguishable from a human being. So begins a touching tale in a world where androids and human beings coexist.;['Windows PC'];['Adventure'];2.4;8;0;
Miss Neko;Aug 13, 2019;['Double W'];An image tile puzzle game featuring erotic images of animal girls drawn in an anime art style. Gameplay consists of shifting tiles around to form an image, followed by a short rock-paper-scissors section to unlock gallery images.;['Windows PC'];['Puzzle'];2.4;25;0;
Wipeout 3;Sep 08, 1999;['Psygnosis'];"The third release of Psygnosis's seminal anti-grav racing series, and also the first game from the series to remain exclusive to the PlayStation. Set in the ""F7200 Anti-Gravity Racing League"", players control anti-gravity racing craft to eliminate competitors and complete events across a futuristic urban metropolis.";['PlayStation'];['Racing'];3.8;218;2;
Santa Claus in Trouble HD;Dec 21, 2020;[];Help Santa to collect lost christmas presents in this wonderful 3D Jump'n'Run experience. An exciting arcade adventure is just waiting for the kids in your life and especially the kid in you!;['Windows PC'];['Platform'];2.5;4;0;
Lollipop Land;Nov 04, 2014;['Google'];Lollipop Land is an easter egg game that is included with Android Lollipop. The game is an Android themed clone of the popular mobile game Flappy Bird.;['Android'];['Arcade'];N/A;4;0;